{"cameraMode":{"drawMode":0,"name":"Shaded","section":"Shading Mode"},"sceneLighting":false,"audioPlay":false,"sceneViewState":{"showFog":true,"showMaterialUpdate":false,"showSkybox":false,"showFlares":true,"showImageEffects":true,"showParticleSystems":true},"in2DMode":false,"pivot":{"x":-0.03250671550631523,"y":1.3543720245361329,"z":-0.7933682203292847},"rotation":{"x":0.6686283349990845,"y":0.02563665434718132,"z":-0.02307683788239956,"w":0.7427963018417358},"size":2.3353731632232668,"orthographic":false}