{"cameraMode":{"drawMode":0,"name":"Shaded","section":"Shading Mode"},"sceneLighting":false,"audioPlay":false,"sceneViewState":{"m_AlwaysRefresh":false,"showFog":true,"showSkybox":false,"showFlares":true,"showImageEffects":true,"showParticleSystems":true,"showVisualEffectGraphs":true,"m_FxEnabled":true},"in2DMode":false,"pivot":{"x":10.953594207763672,"y":2.372600555419922,"z":1.6966638565063477},"rotation":{"x":0.0029998356476426126,"y":0.0033055210951715709,"z":0.000011371318578312639,"w":-0.9999930262565613},"size":2.5661001205444338,"orthographic":true}