{"cameraMode":{"drawMode":0,"name":"Shaded","section":"Shading Mode"},"sceneLighting":false,"audioPlay":false,"sceneViewState":{"m_AlwaysRefresh":false,"showFog":true,"showSkybox":false,"showFlares":true,"showImageEffects":true,"showParticleSystems":true,"showVisualEffectGraphs":true,"m_FxEnabled":true},"in2DMode":false,"pivot":{"x":-0.2771605849266052,"y":0.0024364739656448366,"z":-0.4968934953212738},"rotation":{"x":0.0637427419424057,"y":0.1479489505290985,"z":0.009557490237057209,"w":-0.9868945479393005},"size":0.1897248476743698,"orthographic":false}